CustomerID,Name,Age,Gender,Country,SignupDate
C1,Emily Rodriguez,43,Male,Canada,2025-02-13
C2,Nancy Myers,48,Female,Canada,2026-01-11
C3,Stacey Holmes DDS,25,Male,India,2025-10-24
C4,Tammy Gallagher,54,Male,UK,2024-11-04
C5,Diana Clayton,58,Female,Germany,2025-10-13
C6,Patricia Smith,23,Male,USA,2025-03-23
C7,Mark Weber,49,Male,Germany,2025-10-28
C8,Krystal Hill,57,Female,Germany,2024-09-16
C9,Jennifer Roberts,53,Male,Canada,2025-04-16
C10,Rachel Duran,56,Female,Canada,2025-08-07
C11,Brenda Gonzalez,21,Female,Canada,2024-06-05
C12,Kevin Morris,54,Female,Germany,2025-08-09
C13,Robert Beard,29,Female,Canada,2025-01-13
C14,Madison Mckinney,58,Male,USA,2025-03-31
C15,Nicole Smith,32,Male,Germany,2024-12-06
C16,Victor Briggs,47,Male,USA,2025-02-24
C17,Joseph Murray,60,Female,India,2026-02-03
C18,Richard Ortiz,44,Male,Canada,2025-09-02
C19,Samantha Walker DDS,59,Male,USA,2024-03-22
C20,Kylie Miles,30,Female,Canada,2024-07-02
C21,Megan Roberts,49,Female,UK,2024-07-15
C22,Angelica Huff,58,Male,Germany,2025-11-18
C23,Brooke Watson,57,Female,UK,2025-11-10
C24,Jerry Bell,47,Female,USA,2024-03-14
C25,Antonio Alvarez,58,Male,USA,2024-06-07
C26,Zachary Scott,36,Female,UK,2024-12-09
C27,Jennifer Mccormick,50,Female,USA,2024-03-28
C28,Mariah Nelson,54,Male,Canada,2024-12-28
C29,Garrett Lee,49,Female,UK,2024-10-29
C30,Michael Marquez,26,Male,UK,2025-06-05
C31,Amber Dixon,41,Female,Canada,2025-04-11
C32,Robert Sanchez,20,Male,Canada,2025-07-29
C33,Tyler Barton,44,Male,Canada,2024-12-23
C34,Stephen Alvarado,29,Female,USA,2024-12-15
C35,Nicole Eaton,41,Female,Germany,2024-09-21
C36,Ian Smith,43,Male,Canada,2025-05-30
C37,Karen Parsons,24,Male,USA,2024-10-11
C38,Brenda Davis,49,Male,Canada,2024-09-11
C39,Leslie Mcdowell,26,Female,Canada,2024-05-11
C40,Mason Hopkins,38,Female,Canada,2025-01-26
C41,Carlos Foster,48,Female,UK,2024-03-24
C42,Steven Holmes,58,Female,Canada,2025-06-18
C43,Edward Brown,57,Male,India,2024-06-28
C44,Edwin Carroll,23,Male,UK,2025-10-20
C45,Kayla Huffman,18,Female,UK,2025-04-06
C46,Keith Miller,30,Female,UK,2026-01-28
C47,Amy Snyder,44,Female,Canada,2025-03-23
C48,John Walsh,31,Female,Canada,2025-08-27
C49,Jennifer Lewis,34,Male,USA,2024-06-08
C50,Kristi Welch,55,Male,UK,2025-08-15
C51,Mike Gonzalez,18,Female,UK,2024-03-31
C52,Heidi Daniels,58,Male,Canada,2026-02-26
C53,Douglas Mcdonald,53,Female,Germany,2024-11-05
C54,Jennifer Martinez,53,Female,USA,2025-10-30
C55,Richard Allen,18,Female,USA,2025-12-05
C56,Ricky Ramos,53,Female,USA,2025-08-26
C57,Robert Johnson,44,Female,Germany,2026-01-01
C58,Morgan Andrews,38,Male,UK,2024-03-15
C59,Sean Garcia,36,Female,Canada,2024-08-11
C60,Keith Nguyen,40,Male,UK,2025-07-22
C61,Gerald Hall,27,Female,UK,2025-12-20
C62,Richard Thomas,41,Male,Germany,2026-02-12
C63,Crystal Booker,29,Female,UK,2026-01-22
C64,Jessica Garcia,27,Male,Germany,2025-05-29
C65,Shawn Pittman,29,Female,India,2025-06-04
C66,Kimberly White,45,Male,India,2025-11-08
C67,Michael Wright,18,Male,India,2024-04-24
C68,James Shelton,54,Female,Germany,2024-06-15
C69,Matthew Johnson,18,Male,USA,2024-03-10
C70,Elizabeth Friedman,49,Male,Germany,2024-07-30
C71,Daniel Dickerson,49,Female,UK,2024-06-08
C72,Corey Wiggins,27,Female,UK,2025-05-23
C73,Heather Tanner,33,Male,Germany,2025-01-21
C74,Daniel Alvarez,36,Female,USA,2024-09-21
C75,David Ray,28,Male,USA,2025-10-10
C76,Ashley Gomez,38,Male,Germany,2025-08-12
C77,Karen Smith,42,Female,Germany,2025-12-27
C78,Michael Palmer,51,Male,India,2026-01-29
C79,Sherry Ward PhD,23,Female,USA,2026-01-02
C80,Jon Thomas,43,Female,USA,2026-02-07
C81,Benjamin Manning,54,Male,Germany,2025-03-09
C82,Cheryl Guerra,18,Female,USA,2026-01-12
C83,Karen Blankenship,22,Male,USA,2025-09-18
C84,Derrick George,21,Male,India,2024-12-27
C85,Joseph Garcia,42,Female,India,2025-01-13
C86,Don Cabrera,23,Male,Germany,2025-07-12
C87,Jeremiah Miller,59,Female,Canada,2025-01-27
C88,Julie Torres,52,Female,UK,2024-11-29
C89,Rebecca Hanna,50,Female,USA,2024-06-09
C90,Derek Spencer,45,Male,USA,2026-01-12
C91,Dr. David Bell,42,Female,UK,2024-11-14
C92,Shane Hernandez,42,Male,UK,2025-09-21
C93,Sabrina Peterson,34,Female,India,2025-06-11
C94,Mark Douglas,30,Female,Canada,2025-04-16
C95,Anthony Farrell,36,Male,Canada,2024-06-17
C96,Samantha Smith,23,Female,Germany,2025-09-29
C97,Charles Butler,36,Male,UK,2024-10-12
C98,Jason Richardson,39,Female,UK,2024-03-15
C99,Jennifer Giles,53,Male,Germany,2025-06-04
C100,Heidi Miller,42,Male,India,2024-12-18
C101,Michael Hansen,38,Female,Germany,2024-03-19
C102,Erin Meyers,59,Female,India,2025-12-25
C103,Melissa Henson,19,Female,India,2025-09-15
C104,Jeremy Johnson,46,Female,UK,2024-12-06
C105,Robert Roberts,39,Female,Canada,2025-03-07
C106,Sheila Stephens,37,Female,UK,2024-07-14
C107,Thomas Russell,41,Female,Canada,2025-08-14
C108,Lee Scott,46,Female,UK,2024-12-01
C109,Renee Thomas,59,Female,India,2024-03-03
C110,Manuel Banks,27,Male,Canada,2024-12-15
C111,Sarah Coleman,48,Male,UK,2025-05-26
C112,Michael Miranda,27,Female,India,2026-02-28
C113,Walter Thomas,38,Female,USA,2025-04-21
C114,Mikayla Pena,29,Male,UK,2025-07-06
C115,Michael Graves,36,Female,Germany,2026-01-30
C116,April Snow,32,Female,Germany,2025-09-28
C117,Kelly Marks,60,Female,Canada,2025-07-16
C118,Laura Hobbs,59,Male,Canada,2025-03-18
C119,Stephanie Rodriguez,43,Male,Canada,2024-09-13
C120,Courtney Turner,58,Male,Canada,2025-02-08
C121,Cesar Carter,34,Female,UK,2025-11-19
C122,Tammy Eaton,31,Female,India,2025-03-06
C123,Austin Palmer,36,Male,UK,2026-01-08
C124,Vincent Rodriguez,55,Male,UK,2026-01-01
C125,April Adkins,54,Female,USA,2025-05-23
C126,Sonya Shaw,56,Female,USA,2025-08-01
C127,Christopher Taylor,18,Male,UK,2026-01-02
C128,David Gill,55,Female,India,2025-02-06
C129,Jacob Chambers,59,Male,India,2024-07-26
C130,Misty Webb,19,Female,UK,2025-09-20
C131,Kyle Harris,27,Male,USA,2025-07-21
C132,Zachary Jones,22,Female,Canada,2026-01-01
C133,Michelle Hayes,36,Female,Germany,2024-03-07
C134,Joseph Jones,24,Female,UK,2024-11-17
C135,William Smith,53,Male,Germany,2024-04-10
C136,Timothy Evans,59,Female,Germany,2024-09-18
C137,Amanda Lawson,60,Female,USA,2024-03-27
C138,John Bailey,54,Female,Germany,2024-03-05
C139,Anna Gonzalez,46,Male,India,2024-05-03
C140,Nicole Vasquez,40,Male,UK,2025-07-21
C141,Deanna Coffey,38,Male,India,2025-03-03
C142,Robert Dominguez,53,Male,UK,2024-03-24
C143,Pamela Clements,25,Female,Germany,2025-07-25
C144,Paula Smith MD,37,Female,Canada,2024-12-04
C145,Jonathan Wade,44,Female,UK,2024-08-23
C146,Dakota Anderson,42,Female,Canada,2025-02-16
C147,Claudia Harris,59,Female,India,2024-06-27
C148,Olivia Scott,39,Female,India,2024-07-17
C149,Eric Jennings,29,Female,USA,2024-05-04
C150,Mr. Christian Sutton,60,Male,Germany,2025-11-10
C151,Debra Wiley,52,Female,Germany,2026-02-07
C152,Heather Garcia,38,Male,India,2025-04-28
C153,Catherine Pierce,20,Female,UK,2025-06-05
C154,Justin Mooney,56,Male,Germany,2024-07-15
C155,Daniel Bailey MD,19,Female,UK,2026-01-24
C156,Shannon Little,59,Female,Germany,2024-03-09
C157,Kathy Nguyen,28,Male,India,2025-08-25
C158,Jason Baker,20,Male,USA,2024-03-22
C159,Daniel Wright,45,Female,Canada,2024-12-29
C160,Russell Manning,49,Female,Germany,2025-08-15
C161,Diana Holmes,44,Male,Germany,2025-12-10
C162,Christian Miller,36,Female,UK,2025-01-16
C163,Jeffrey Evans,43,Male,Canada,2025-12-07
C164,Dr. Monica Lawrence,25,Female,UK,2024-11-21
C165,John Jackson,40,Male,USA,2024-06-03
C166,Roberta Farmer,56,Female,USA,2025-08-24
C167,Shawn Garner,31,Female,USA,2025-11-26
C168,Matthew Keller,43,Female,India,2025-03-31
C169,Felicia Hartman,20,Female,Germany,2025-08-19
C170,Brian Jackson,39,Male,Germany,2025-03-21
C171,Gene Scott,49,Male,USA,2025-02-24
C172,Ian Torres,47,Male,UK,2024-12-28
C173,Angela Allen,18,Male,India,2025-02-01
C174,Mr. Brett Taylor,34,Male,India,2025-11-15
C175,Joseph Patrick,60,Female,Germany,2025-10-27
C176,Megan Sullivan,58,Male,India,2025-04-26
C177,Cheyenne Campbell,37,Male,Germany,2024-05-12
C178,Peter Young,35,Male,Germany,2025-08-11
C179,Sharon Goodman,38,Male,UK,2024-06-12
C180,Nicholas Marquez,20,Female,India,2025-06-19
C181,Mark Spencer,35,Female,USA,2025-01-24
C182,Eric Myers,42,Male,India,2024-10-22
C183,William Graham,55,Female,USA,2025-09-25
C184,Emily Thomas,37,Male,Germany,2026-01-09
C185,Rebecca Baldwin,40,Female,USA,2025-10-27
C186,Carolyn Jackson,59,Male,Germany,2025-08-10
C187,Rachel Drake,35,Male,Germany,2024-11-29
C188,Renee Farmer,42,Female,UK,2026-02-27
C189,Jessica White,18,Male,Canada,2024-05-24
C190,Jason Brown,50,Male,UK,2025-06-13
C191,Ryan Chavez,58,Female,UK,2024-11-11
C192,Bruce James,38,Female,UK,2024-06-21
C193,Morgan Ellis,21,Male,UK,2025-10-19
C194,Anna Jones,50,Male,USA,2025-05-26
C195,Amy Black,58,Male,Canada,2024-04-15
C196,Vincent Young,22,Male,India,2025-07-26
C197,Brian Blackwell,37,Male,UK,2024-06-14
C198,Gina Lee,53,Male,Germany,2024-12-09
C199,Brian Foster,31,Male,Canada,2025-10-19
C200,Daniel Anderson,21,Male,USA,2024-09-06
C201,Michael Ashley,51,Female,USA,2025-05-26
C202,Scott Wolfe,56,Male,UK,2025-06-20
C203,Rebecca Turner,30,Female,UK,2025-07-29
C204,Jeremy Williams,57,Male,USA,2024-04-10
C205,Walter Guerrero,29,Female,India,2024-10-05
C206,Christopher Webb,45,Female,India,2025-06-20
C207,Corey Brooks,21,Male,India,2024-10-08
C208,Robert Diaz,47,Male,India,2025-07-29
C209,Roger Wang,44,Male,India,2024-10-13
C210,Patricia Branch,59,Female,India,2024-05-08
C211,Matthew Glover,32,Male,USA,2024-03-13
C212,April Black,28,Female,UK,2025-11-18
C213,Patricia Baker,29,Female,Germany,2025-02-15
C214,Johnny Bell,36,Female,USA,2025-05-01
C215,Dr. Robert Ross,21,Female,Germany,2024-04-05
C216,Mr. Gregory Edwards,25,Male,USA,2025-07-15
C217,John Potter,49,Male,India,2025-03-15
C218,Hannah Ellison,27,Female,India,2025-12-23
C219,Jessica Nelson,24,Female,Germany,2024-10-23
C220,Jessica Blackwell,34,Female,UK,2025-12-02
C221,Angela Sanchez,40,Male,UK,2025-02-18
C222,Brandon Robertson,20,Female,UK,2025-06-08
C223,Heather Morgan,52,Male,UK,2025-09-26
C224,Jason Roberts,41,Female,India,2025-10-29
C225,Patrick Peterson,58,Male,USA,2024-09-26
C226,Darin Cooper,38,Male,Canada,2024-11-30
C227,Stephen Carroll,59,Female,USA,2025-12-12
C228,Norman Guerra,57,Female,UK,2025-08-18
C229,Mary Nelson,48,Male,Canada,2024-08-07
C230,Jorge Turner,54,Male,USA,2025-11-21
C231,David Nelson,49,Male,UK,2024-05-02
C232,Jessica Lindsey,35,Male,UK,2024-07-12
C233,Joseph Alexander,58,Male,UK,2024-07-03
C234,Melissa Mcdonald,30,Female,India,2026-02-10
C235,Glenn Elliott,56,Male,India,2025-07-20
C236,Yolanda Peters,49,Female,India,2025-05-18
C237,Jennifer Cox,35,Female,India,2024-07-18
C238,Matthew Hess,26,Female,Canada,2025-10-19
C239,Juan Wilson,55,Male,India,2024-05-31
C240,Mark Lutz,31,Male,Germany,2024-04-18
C241,Travis Warren,42,Male,Germany,2025-01-31
C242,Debra Phillips,44,Male,USA,2025-11-04
C243,Angel Smith,51,Female,India,2025-08-22
C244,Linda Cooper,38,Male,USA,2025-06-07
C245,Christian Pratt,25,Female,USA,2026-02-03
C246,Kathleen Fowler,18,Female,Canada,2024-07-26
C247,Amber Daniels,22,Male,USA,2025-08-31
C248,Thomas Santos,33,Female,India,2025-01-18
C249,Charles Forbes,28,Male,USA,2025-06-16
C250,Craig Spencer,27,Female,India,2024-07-31
C251,Jerry Davis MD,26,Female,India,2025-09-27
C252,Randall Smith,46,Female,Germany,2025-06-13
C253,Albert Gomez,49,Male,UK,2024-08-24
C254,Kyle Washington,24,Male,UK,2024-10-07
C255,Jennifer Moore,34,Female,UK,2024-09-27
C256,James Bishop,25,Male,Germany,2025-03-06
C257,Gregory Middleton,60,Male,USA,2024-10-21
C258,Shelby Flores,45,Male,Canada,2026-01-29
C259,Felicia Avery,59,Male,USA,2025-09-26
C260,Mrs. Jessica Williams MD,45,Female,USA,2025-07-15
C261,Allison Davis,28,Male,USA,2024-07-25
C262,Yvette Williamson,56,Male,UK,2024-07-20
C263,Jamie Evans,55,Male,UK,2025-12-24
C264,Nicholas Page,51,Female,Canada,2025-07-21
C265,Jonathan Rodriguez,49,Male,USA,2024-07-30
C266,Melissa Salazar,25,Male,UK,2024-12-10
C267,Melissa Lopez,53,Female,UK,2025-07-22
C268,Amy Andersen,18,Female,Canada,2025-11-10
C269,Devin Gill,31,Male,Canada,2025-03-29
C270,Mckenzie Johnson,23,Male,UK,2024-06-10
C271,Troy Wallace,32,Female,India,2025-02-02
C272,Virginia Vazquez PhD,56,Male,UK,2024-09-22
C273,John Kelley,25,Male,Germany,2024-08-21
C274,Jennifer Davidson,57,Female,India,2024-10-15
C275,Robert Weaver,45,Female,UK,2024-09-15
C276,Joseph Sanchez,23,Male,Germany,2024-07-22
C277,James Middleton,23,Male,UK,2024-04-26
C278,Christopher West,19,Female,Canada,2025-06-17
C279,Sherri Curtis,24,Male,India,2025-07-23
C280,Darlene Smith,48,Male,Canada,2024-06-20
C281,Theresa Franco,58,Male,Canada,2025-06-13
C282,Curtis Smith,35,Male,USA,2024-11-11
C283,Angela Graves,52,Male,UK,2025-11-16
C284,Albert Rodriguez,49,Male,India,2024-11-17
C285,Deborah Mendez,28,Female,India,2026-01-09
C286,James Hall,34,Female,India,2024-06-13
C287,Christine Maldonado,31,Male,Germany,2024-05-07
C288,Brian Johnson,58,Male,Germany,2024-07-25
C289,Blake Mclaughlin,45,Male,Canada,2026-03-02
C290,Brenda Thompson,37,Female,Canada,2024-09-03
C291,Kevin Martinez,49,Male,India,2025-02-03
C292,Lauren Moore,34,Female,India,2025-11-30
C293,Blake Barron,47,Female,Canada,2025-05-19
C294,Anthony Payne,41,Male,UK,2025-09-27
C295,Jennifer Gomez,60,Male,Canada,2024-12-28
C296,Joshua Jacobs,51,Male,India,2025-01-01
C297,Russell Lozano,58,Male,UK,2024-08-12
C298,Michelle Howard,22,Male,Canada,2025-01-24
C299,Denise Mcclure,58,Male,USA,2024-05-06
C300,Mr. Juan Steele,32,Female,USA,2025-03-17
C301,Zachary Anderson,58,Male,Canada,2025-06-26
C302,David Gutierrez,50,Female,USA,2024-12-22
C303,Taylor Anderson,49,Male,Germany,2024-05-26
C304,Erica Russell,26,Female,Canada,2025-09-11
C305,Kelly Carlson,58,Male,Germany,2024-05-18
C306,Judy Smith,36,Female,India,2025-09-04
C307,Hunter Anderson,35,Male,India,2025-12-04
C308,Kara Perez,33,Male,Germany,2025-02-28
C309,Corey Ramos,43,Female,Germany,2025-10-05
C310,Mark Lee,30,Male,Germany,2025-08-10
C311,Scott Phillips,22,Male,Germany,2024-04-30
C312,Dr. Jonathan Mays,23,Male,Canada,2025-11-02
C313,Tony Estrada,31,Female,UK,2024-05-13
C314,Valerie Wilson,29,Male,India,2024-11-18
C315,Shannon Jimenez,48,Male,India,2024-09-28
C316,Robin Zimmerman,38,Female,USA,2025-11-09
C317,Karen Moore,20,Male,India,2024-10-25
C318,Danielle Rodriguez,20,Female,India,2026-01-14
C319,Ronald Dominguez,59,Male,Germany,2025-12-19
C320,Mark Deleon II,24,Male,USA,2025-10-16
C321,Travis Stone,43,Male,USA,2025-08-10
C322,Lisa Wang,44,Male,UK,2025-10-13
C323,Sarah Rivera,58,Male,USA,2024-12-10
C324,Andrew Jackson,33,Female,Germany,2025-05-31
C325,Mrs. Teresa Ortega,57,Female,UK,2024-12-09
C326,Lisa James,49,Female,Germany,2025-09-10
C327,Cristian Warner,34,Female,India,2024-05-08
C328,Samantha Hunter,21,Male,Canada,2025-01-14
C329,James Carlson,59,Female,India,2025-05-17
C330,Amanda Johnson,41,Male,India,2024-09-15
C331,Christopher Mitchell,51,Female,Canada,2025-02-05
C332,Laura Castillo,34,Female,Canada,2024-05-24
C333,Charlotte Day,39,Male,USA,2024-03-07
C334,Nicole Jones,36,Male,USA,2025-09-19
C335,Jenny Ochoa,49,Female,India,2025-09-23
C336,Justin Mckenzie,19,Male,Germany,2025-10-20
C337,Karen Palmer,57,Female,India,2024-07-02
C338,Donald Schaefer,56,Male,India,2025-03-22
C339,Amy Allen,56,Female,USA,2024-11-07
C340,Jose Wilkins,24,Male,Germany,2025-01-06
C341,Mary Young,35,Male,India,2025-04-09
C342,Carol Morris,21,Female,India,2025-11-17
C343,David Mcmahon,59,Female,Canada,2026-03-03
C344,Sean Jones,52,Male,Canada,2024-09-01
C345,Jenny Perez,38,Female,UK,2024-11-10
C346,Deanna Stokes,46,Male,UK,2025-03-18
C347,Emily Blankenship,28,Male,USA,2025-07-29
C348,Beverly Davis,49,Female,UK,2024-12-05
C349,Todd Powell,36,Male,India,2024-05-06
C350,Sean Cannon,41,Female,Germany,2025-02-17
C351,Geoffrey Mitchell,29,Male,USA,2024-09-10
C352,Karen Smith,42,Male,Germany,2024-07-09
C353,Don Thomas,28,Female,Germany,2024-09-10
C354,Robert Garcia,58,Male,India,2026-02-17
C355,David Henderson,31,Male,Germany,2024-09-25
C356,Elaine Stanton,24,Male,Germany,2024-10-24
C357,Catherine Marshall,45,Male,India,2025-10-27
C358,David Barnes,42,Female,USA,2025-07-17
C359,Jackie Shannon,55,Female,Germany,2024-11-23
C360,Scott Rogers,40,Male,India,2025-11-17
C361,Linda Hutchinson,53,Female,UK,2025-10-18
C362,Megan Wright,43,Male,USA,2025-02-26
C363,Joe Allen,51,Male,UK,2025-09-02
C364,Christopher Perez,48,Male,USA,2026-03-03
C365,Rodney Barker,41,Female,Canada,2025-09-05
C366,Jeremy Buchanan,42,Female,Germany,2024-07-21
C367,Brittany Mcbride,54,Female,Canada,2025-05-26
C368,Roberto Williams,46,Female,UK,2025-07-22
C369,Carlos Perez,24,Female,USA,2025-04-12
C370,Jessica Long,31,Female,Canada,2025-03-16
C371,Jeremy Morgan,46,Female,India,2024-03-20
C372,Christine Davis,22,Male,Canada,2024-06-29
C373,Tiffany Johnson,25,Female,Canada,2024-12-21
C374,Connie Collins,34,Male,India,2025-08-30
C375,Lisa Kelly,32,Female,Germany,2025-01-07
C376,Angela Brady,34,Male,Germany,2026-01-02
C377,Jennifer Perez,24,Female,Canada,2025-08-19
C378,Crystal Hernandez,59,Female,Canada,2024-06-03
C379,Corey Mason,37,Male,UK,2025-06-01
C380,Debra Wolf,18,Male,UK,2024-11-27
C381,Samantha Walters,56,Female,USA,2025-02-03
C382,Mrs. Kara Dean,21,Male,Canada,2025-10-14
C383,Kirsten Fleming,53,Female,Canada,2026-01-27
C384,Kimberly Russell,52,Female,Canada,2025-12-02
C385,Derrick Strickland,20,Female,UK,2024-03-28
C386,Denise Mcfarland,46,Male,Canada,2024-12-04
C387,Lori Roberts,33,Female,Germany,2025-02-10
C388,Bradley Hernandez,53,Female,Germany,2026-01-24
C389,Olivia Bentley,45,Female,Canada,2025-12-22
C390,Bobby Doyle,58,Female,Canada,2025-01-24
C391,Alan Morton,28,Male,Canada,2024-04-22
C392,Christopher Vaughan,18,Male,Canada,2024-06-20
C393,Michael Jackson,19,Female,Canada,2024-06-17
C394,Angela Robles,52,Male,Germany,2026-01-27
C395,Angela Murphy,22,Female,UK,2025-11-01
C396,Christina Jones,21,Female,India,2026-02-09
C397,Danielle Howard,20,Male,India,2025-02-03
C398,Jennifer Rodriguez,49,Male,USA,2024-06-12
C399,Cynthia Burgess,51,Male,USA,2025-02-03
C400,Robert Hill,31,Female,Germany,2026-02-18
C401,Sheila Martinez,55,Female,India,2024-07-12
C402,Timothy Pacheco,30,Male,USA,2025-09-09
C403,Roger Jones,44,Female,USA,2025-08-03
C404,Elaine Brown,38,Male,India,2025-09-29
C405,Norman Chavez,25,Female,Germany,2025-12-05
C406,Tracy Jacobson,47,Male,Canada,2025-11-06
C407,Amy Silva,54,Female,Germany,2024-03-08
C408,Matthew Cruz,31,Female,India,2026-01-12
C409,Taylor Walker,25,Female,UK,2025-12-08
C410,Spencer Turner,35,Male,UK,2024-04-19
C411,Abigail Barrett,25,Female,Germany,2025-10-17
C412,Lisa Moore,27,Female,USA,2025-12-17
C413,Jerry Schmitt,44,Female,Germany,2025-06-11
C414,Justin Munoz,40,Female,UK,2025-10-11
C415,Glenn Durham,50,Male,UK,2024-10-10
C416,Jesse Holmes,41,Male,UK,2024-08-27
C417,Gabriella Frazier,24,Male,Canada,2025-02-02
C418,Tony Montoya,47,Male,UK,2025-09-16
C419,Scott Williams,46,Female,India,2025-11-29
C420,Benjamin Boone,36,Female,Canada,2024-03-25
C421,Daniel Gates,29,Male,USA,2026-02-25
C422,Randall Ward,55,Female,India,2025-04-25
C423,Allison Stout,47,Female,USA,2024-09-17
C424,Christopher Ortiz,32,Male,Germany,2024-10-23
C425,Sean Tran,42,Male,UK,2026-02-25
C426,Austin Mata,56,Female,USA,2025-08-20
C427,Erik Young,41,Male,India,2024-04-10
C428,Kevin Lopez,27,Male,Canada,2024-03-27
C429,Joshua Reynolds,23,Male,Canada,2024-07-19
C430,Elizabeth Austin,43,Male,Germany,2025-11-26
C431,Jeremy Turner,41,Male,Canada,2025-07-02
C432,Robert Garner,19,Female,Germany,2024-05-25
C433,Andrea Deleon,33,Male,USA,2025-08-04
C434,David Hendricks,56,Male,Germany,2024-11-05
C435,Lauren Moore,56,Female,India,2025-08-05
C436,Ariana Burnett,24,Male,India,2024-11-22
C437,Thomas Miller,44,Male,UK,2025-01-07
C438,Sarah Burnett,28,Female,India,2024-04-29
C439,Ryan Diaz,54,Male,India,2025-09-26
C440,Thomas Burnett,19,Male,Canada,2025-08-16
C441,Joseph Thompson,36,Female,USA,2024-07-15
C442,Martin Watson,43,Female,UK,2024-08-17
C443,Darlene Wyatt,25,Male,USA,2024-09-28
C444,Andrea Weber,55,Female,UK,2024-12-11
C445,Danielle Santiago,29,Male,Canada,2024-08-28
C446,Michael Gallegos,44,Female,USA,2025-10-15
C447,Sherry Owens,43,Male,UK,2025-10-12
C448,Stephanie West,21,Female,USA,2025-08-13
C449,Phillip Mckee,55,Female,Germany,2026-02-07
C450,Jesus Haynes,19,Female,UK,2024-03-06
C451,Lisa Flores,36,Male,Canada,2025-02-08
C452,Melanie Wilson,34,Male,India,2024-10-08
C453,Julie Lara,38,Male,USA,2026-01-02
C454,Andrew Bennett,59,Female,India,2024-08-22
C455,Haley Smith,58,Male,USA,2025-12-21
C456,David Smith,38,Female,Germany,2024-10-07
C457,Robyn Hudson,54,Female,India,2026-02-10
C458,Mary Marks,57,Male,Canada,2025-08-09
C459,Jeff Moreno,60,Male,Germany,2024-08-06
C460,Laura Payne,38,Male,USA,2025-06-30
C461,Timothy Goodman,32,Female,Germany,2024-06-15
C462,Kevin Carlson,40,Male,Canada,2024-07-08
C463,Joseph Hurley,18,Female,Canada,2024-06-22
C464,Karen Gonzalez,49,Male,UK,2024-07-07
C465,Marie Black DDS,25,Female,UK,2024-07-13
C466,David Owen,53,Female,UK,2024-03-09
C467,Cynthia Mcclure,44,Male,India,2025-08-26
C468,Mrs. Tiffany Wilson MD,21,Male,Canada,2025-01-16
C469,Gregory Lopez,32,Female,India,2025-10-17
C470,Vicki Moran,24,Male,USA,2024-10-01
C471,Katie Hughes,50,Male,USA,2025-08-06
C472,Stefanie Gutierrez,53,Female,Canada,2024-09-23
C473,Jordan Hester,51,Male,USA,2025-07-11
C474,Susan Armstrong,34,Female,UK,2025-11-18
C475,Rachel Matthews,55,Male,USA,2025-11-13
C476,Mary Calhoun,50,Male,Germany,2025-09-21
C477,Cristian Douglas,29,Male,USA,2025-11-19
C478,Ronald Hicks,42,Female,India,2025-01-18
C479,Richard Richardson,20,Female,India,2024-08-08
C480,Tabitha Morgan,56,Male,Germany,2024-07-21
C481,Elizabeth Ray,47,Male,Canada,2025-09-05
C482,Carlos Black,30,Male,USA,2024-09-29
C483,Zachary Smith,20,Female,Canada,2025-05-06
C484,Christopher Goodman,58,Male,India,2025-11-12
C485,Bradley Williams,54,Female,USA,2025-07-03
C486,Joseph Young,35,Female,UK,2024-08-15
C487,Angela Brown,36,Male,Germany,2024-11-22
C488,Dr. Harold Clayton,55,Female,India,2025-08-03
C489,Kaitlin Garcia,56,Female,UK,2025-01-11
C490,Diana Hurley,57,Male,Canada,2024-06-16
C491,James Callahan,43,Male,USA,2025-05-20
C492,Angela Doyle,29,Female,UK,2024-09-17
C493,Sandra Adams,33,Male,Germany,2024-07-10
C494,Laurie Mcmahon,44,Male,UK,2026-01-10
C495,April Kramer,55,Male,USA,2024-03-10
C496,Michael Cooper,18,Female,UK,2025-11-28
C497,Madison Wilson,49,Female,India,2025-02-11
C498,Jill Armstrong,41,Male,USA,2025-09-09
C499,Jason Johnson,52,Female,India,2024-07-16
C500,Jennifer Gonzalez,25,Male,India,2024-04-10
C501,Emily Wright,44,Female,India,2024-10-04
C502,Amanda Sellers,56,Male,Canada,2025-03-29
C503,Craig Christian,27,Male,UK,2025-10-22
C504,Patricia Tran,31,Female,UK,2024-04-26
C505,Paul Villa,51,Female,USA,2025-06-23
C506,Michael Miller PhD,60,Male,Germany,2025-07-03
C507,Rebecca Whitaker,19,Female,India,2024-05-21
C508,Kayla Kramer,45,Male,Germany,2024-05-17
C509,Tina Allen,58,Male,India,2025-02-10
C510,Hannah Davis,48,Male,Canada,2024-12-05
C511,Tammy Allen,55,Male,Canada,2024-10-09
C512,Shannon Ford,40,Male,Canada,2025-05-17
C513,Daniel Anderson,54,Male,Germany,2025-03-05
C514,Dr. Stephanie Mathews,19,Male,India,2025-03-26
C515,Manuel Deleon,18,Female,Canada,2024-06-19
C516,Michael Griffin,29,Female,Germany,2024-07-18
C517,Christina Raymond,40,Female,USA,2025-04-24
C518,Alicia Bentley,47,Male,USA,2025-10-13
C519,Katrina Hernandez,51,Male,Germany,2025-11-12
C520,Madison Gomez,34,Female,Germany,2025-02-05
C521,Sandra Hicks,32,Female,UK,2024-07-26
C522,Mariah Jones,48,Male,India,2025-10-31
C523,Brittany Robinson,43,Male,India,2025-07-16
C524,Tracy Lewis,44,Female,UK,2025-12-10
C525,Jay Williams,28,Male,Canada,2025-09-05
C526,Steven Rivera,32,Female,UK,2024-03-15
C527,Levi Butler,51,Female,Germany,2025-06-24
C528,William Velasquez,23,Male,UK,2024-04-26
C529,Jodi Decker,19,Male,Canada,2024-12-11
C530,Michael Stein,25,Male,India,2025-01-10
C531,Shannon Taylor,40,Female,USA,2024-03-22
C532,Elizabeth Gill,37,Male,Canada,2025-02-08
C533,Samuel Charles DVM,30,Female,UK,2024-12-29
C534,Crystal Hicks,45,Male,UK,2025-05-25
C535,Rebecca Pacheco,44,Male,UK,2025-08-04
C536,Samantha Gibbs,42,Female,Canada,2024-12-20
C537,Sydney Howard,28,Female,Canada,2024-12-30
C538,Kelly Dalton,58,Male,India,2024-10-27
C539,Lawrence Horton,26,Male,Canada,2024-05-01
C540,Kelsey Olson MD,38,Female,USA,2024-03-24
C541,Erica Zhang,39,Female,UK,2024-12-08
C542,Lisa Bright DVM,54,Female,India,2025-07-09
C543,Lisa Wilson,45,Male,India,2025-06-27
C544,Darryl Roberts,29,Female,India,2024-04-19
C545,John Hill,48,Female,UK,2024-09-22
C546,Crystal Moore,60,Female,USA,2024-10-17
C547,Karl Coffey,41,Female,Canada,2025-07-22
C548,Justin Ferguson,36,Female,India,2024-08-15
C549,Jessica Cole,35,Male,Germany,2024-06-29
C550,Francisco Walls,36,Male,Germany,2025-10-31
C551,Daniel Miller,19,Female,Canada,2024-11-24
C552,Nancy Simpson,29,Female,Canada,2026-02-08
C553,Patrick Kelley,46,Female,Canada,2025-08-15
C554,Sheila Velasquez,20,Male,India,2025-10-02
C555,Kayla Miller,19,Male,Canada,2024-04-11
C556,David Wiley,56,Female,India,2026-01-25
C557,Brenda Wells,60,Male,India,2025-06-09
C558,Monica Harper,39,Male,India,2025-09-25
C559,William Park,36,Male,India,2025-07-11
C560,Joy Wade,47,Male,Germany,2025-11-19
C561,Linda Perkins,35,Female,Canada,2025-02-17
C562,Lauren Hall,56,Male,USA,2024-08-29
C563,Spencer Grant,57,Female,India,2024-06-04
C564,Michelle York,22,Female,Canada,2026-01-03
C565,Matthew Clark,52,Female,India,2024-05-27
C566,Tina Reyes,24,Female,USA,2025-07-23
C567,Timothy Brown,24,Female,Canada,2024-05-08
C568,Barry Proctor,21,Male,Canada,2025-12-16
C569,Maria Branch DDS,40,Female,Canada,2024-08-31
C570,Scott Tucker,24,Female,USA,2024-04-21
C571,Cody Woodard,45,Female,USA,2026-02-09
C572,Jacqueline Le,55,Male,USA,2024-08-31
C573,Stephen Lynch,60,Male,Canada,2025-07-27
C574,Mr. Jeffrey Baxter,42,Female,UK,2025-08-01
C575,Joan Myers,28,Female,UK,2024-12-15
C576,Angela Mccall,29,Male,India,2024-05-09
C577,Mark Cook,23,Female,UK,2025-12-24
C578,Zachary Stone,46,Male,UK,2025-10-05
C579,Mary Martinez,57,Male,UK,2025-01-26
C580,Morgan Lopez,29,Male,USA,2026-01-18
C581,Steven Harris,37,Female,Canada,2024-08-13
C582,David Harper,22,Female,USA,2024-12-22
C583,Joshua Adams PhD,28,Female,UK,2025-11-12
C584,Thomas Nixon,28,Female,USA,2024-10-17
C585,Michelle Walker,40,Female,UK,2024-06-27
C586,Kathryn Ryan,50,Female,UK,2024-04-22
C587,Lisa Dixon,40,Female,USA,2025-05-15
C588,Sandy Jones,36,Female,Germany,2026-01-20
C589,Teresa Diaz,51,Male,USA,2025-07-03
C590,Holly Scott,45,Female,Germany,2024-04-05
C591,Gabriel Hall,24,Male,Germany,2025-10-12
C592,Victoria Gibson,47,Female,India,2024-03-06
C593,Eric Thomas,29,Male,Germany,2025-06-08
C594,Tricia Bush,53,Male,UK,2026-01-02
C595,Summer Medina,38,Female,Canada,2025-06-23
C596,Diane Byrd,39,Female,India,2024-09-11
C597,Laura Hall,53,Female,India,2024-05-06
C598,Rachel Manning,19,Female,India,2024-11-07
C599,Roger Johnson,36,Male,Germany,2025-02-25
C600,Anthony Patterson,31,Female,Canada,2025-10-27
C601,Mark Ortega,25,Male,Germany,2024-07-20
C602,Bryan Wells,54,Male,Canada,2025-08-22
C603,Jeremy Green,48,Female,UK,2024-07-01
C604,Olivia Martinez,36,Female,USA,2025-07-20
C605,Ryan Lewis,59,Female,USA,2025-11-28
C606,Beth Wells,31,Male,Germany,2025-01-28
C607,Matthew Schneider,32,Male,USA,2024-09-05
C608,Charles Rice,26,Female,India,2025-04-02
C609,Tina Knight,32,Female,India,2025-12-16
C610,Todd Benton,49,Male,USA,2026-02-14
C611,Amy Nguyen,30,Male,USA,2024-06-30
C612,Lisa Stout,25,Male,UK,2024-11-06
C613,Matthew Jimenez,43,Male,Germany,2025-04-01
C614,Jeffery Wang,42,Male,Canada,2025-12-24
C615,Nathaniel Peterson,39,Female,USA,2025-03-11
C616,Edward Williams,53,Male,Germany,2025-07-07
C617,Kenneth Young,54,Male,USA,2024-11-25
C618,Jeffrey Strickland,38,Female,Germany,2025-07-07
C619,Jerry Baker,45,Female,UK,2025-06-28
C620,Michael Smith,44,Male,Germany,2025-05-06
C621,Spencer Smith,33,Male,India,2025-03-13
C622,Mike Liu,49,Male,Germany,2024-04-13
C623,Jose Juarez,45,Female,USA,2025-03-20
C624,Brandon Dunn,51,Female,India,2024-11-08
C625,Dustin Hawkins,40,Female,Germany,2024-12-22
C626,Thomas Koch,44,Male,Germany,2024-08-22
C627,Adam Garcia PhD,50,Female,Canada,2025-09-28
C628,Brett Owens,25,Male,USA,2024-06-08
C629,Ryan Nguyen,44,Male,USA,2024-10-08
C630,Jamie Hernandez,23,Male,Canada,2024-10-30
C631,Mrs. Briana Smith,24,Female,India,2025-12-27
C632,Melissa Church,56,Female,Germany,2025-11-15
C633,Elizabeth Gutierrez,40,Male,USA,2025-12-28
C634,Rita Bailey,23,Male,Germany,2024-06-10
C635,Jessica Gomez,27,Male,UK,2025-06-29
C636,Karen Solomon,58,Male,USA,2025-02-24
C637,Amy Oneill,31,Female,UK,2025-01-14
C638,Samantha Mendez,32,Male,Germany,2025-03-24
C639,Darlene Sandoval,36,Male,UK,2024-10-06
C640,Tyrone Pennington,39,Female,USA,2024-06-16
C641,Jamie Erickson DDS,57,Female,UK,2024-07-18
C642,Jennifer Bell,33,Male,USA,2026-01-04
C643,Richard Frank,52,Female,UK,2025-10-11
C644,Mark Martin,45,Male,India,2026-01-26
C645,Mary Baldwin,49,Male,Germany,2024-08-04
C646,Darren Savage,35,Male,USA,2026-01-06
C647,Cassandra Chambers DDS,25,Male,India,2025-02-19
C648,Nancy Foster,56,Female,Germany,2024-06-07
C649,Alyssa Terry,27,Female,Germany,2024-09-02
C650,Adam Kennedy,25,Female,UK,2026-02-26
C651,Kim Sullivan,51,Female,Canada,2024-07-18
C652,John Parks,60,Male,Canada,2025-08-30
C653,Melanie Acevedo,33,Male,India,2025-04-02
C654,Lauren Guerrero,52,Male,Canada,2025-04-01
C655,Frank Phillips,45,Female,India,2025-08-23
C656,Summer Fox,43,Male,Canada,2026-01-28
C657,Deborah Smith,55,Female,UK,2024-12-17
C658,Nicolas Poole,33,Female,India,2025-11-15
C659,William Lane,56,Female,India,2024-09-07
C660,Steven Morales,24,Female,UK,2024-09-30
C661,Carol Kemp,54,Female,India,2025-09-07
C662,Joyce Bullock,25,Female,Canada,2025-06-12
C663,Toni Green,27,Female,Canada,2025-07-01
C664,Andre Wright,22,Female,Germany,2024-03-31
C665,Gregory Smith,20,Male,India,2024-08-03
C666,Denise Holt,20,Male,Germany,2024-06-22
C667,Kurt Stafford,38,Male,Canada,2024-08-17
C668,Amanda Sanchez,53,Female,Canada,2025-03-04
C669,Anthony Price,38,Female,UK,2025-04-19
C670,Karina Vargas,40,Male,Germany,2024-07-30
C671,Tommy Small,39,Male,UK,2024-03-24
C672,Valerie Robinson,55,Female,Germany,2024-06-14
C673,Mikayla Porter,24,Female,India,2025-12-30
C674,Sean Frazier,58,Female,Canada,2025-02-23
C675,Karen Mccoy,31,Male,USA,2025-04-23
C676,Teresa Walters,45,Male,USA,2024-11-11
C677,Carolyn Sanders,58,Male,USA,2025-04-14
C678,Andre Macias DDS,42,Male,USA,2024-09-12
C679,Cory Rhodes,40,Male,UK,2024-06-26
C680,Mary Brown,56,Female,UK,2025-12-20
C681,Miguel Brown,27,Female,Germany,2026-02-23
C682,Manuel Welch,35,Male,India,2024-12-15
C683,Sharon Perry,51,Female,Canada,2024-03-21
C684,Larry Chen,42,Male,Germany,2025-10-16
C685,George Lindsey,52,Female,Canada,2024-07-07
C686,Patrick Ross,36,Male,India,2025-02-20
C687,Daniel Knox,54,Male,India,2024-07-01
C688,Mrs. Adrienne Anderson DDS,28,Male,UK,2025-03-16
C689,Tyler Nguyen,25,Female,Canada,2024-12-08
C690,Caitlin Watson,25,Male,UK,2025-07-09
C691,Bobby Watts,57,Male,UK,2024-05-28
C692,Sabrina Bowen,58,Female,Canada,2025-03-19
C693,Jon Hill,44,Female,India,2024-08-24
C694,Brenda Spencer,26,Female,USA,2024-11-12
C695,Cheyenne Reynolds,39,Male,UK,2025-12-16
C696,Kyle Carroll PhD,43,Female,India,2024-10-07
C697,Danielle Ramirez,22,Female,USA,2025-02-04
C698,Deborah Mayer,36,Male,Germany,2024-04-01
C699,Carla Skinner,47,Male,India,2025-02-26
C700,Candice Haynes,42,Female,India,2026-02-11
C701,Walter Duran,51,Female,UK,2025-07-27
C702,Connor Garcia,58,Male,Germany,2026-01-06
C703,Alicia Vega,28,Male,USA,2025-05-15
C704,Randy Banks,32,Male,Germany,2024-08-05
C705,Gregory Hamilton,48,Female,India,2024-05-10
C706,Mr. Brian Pierce MD,34,Female,Germany,2025-05-12
C707,Steven Reyes,19,Male,Germany,2024-03-23
C708,Denise Bell,25,Female,USA,2026-01-22
C709,Sarah Clark,45,Female,Canada,2024-06-22
C710,Kristina Long,36,Female,UK,2024-12-08
C711,Veronica Blackwell,34,Female,Canada,2025-04-18
C712,Tina Sawyer,45,Female,USA,2024-07-29
C713,Rodney Savage,22,Male,Canada,2025-07-25
C714,Andrew Brennan,58,Male,Canada,2025-03-17
C715,Gary Thompson,29,Female,UK,2024-12-29
C716,Scott Howard,59,Female,USA,2024-07-15
C717,Stacy Mitchell,50,Male,UK,2024-08-27
C718,Rodney Barker,59,Female,India,2025-04-11
C719,Thomas Perez,18,Female,Canada,2024-12-30
C720,Shane Casey,24,Male,Germany,2024-06-22
C721,Sharon Martin,48,Female,India,2025-08-02
C722,Laura Gonzalez,33,Male,USA,2025-08-13
C723,Jonathan Anderson,53,Female,UK,2024-05-26
C724,Larry Green,45,Male,Canada,2024-08-26
C725,Alexis Garcia,57,Male,USA,2025-06-04
C726,Karen Carter,29,Male,USA,2024-12-07
C727,Kristen Baker,50,Male,USA,2024-12-30
C728,Diana Mcgrath,55,Female,UK,2024-07-12
C729,Gary Russell,18,Female,USA,2024-10-05
C730,Raymond Paul,50,Male,UK,2025-05-14
C731,Kayla Hopkins,46,Female,India,2025-11-20
C732,Benjamin Hoffman,28,Female,Canada,2024-11-18
C733,Theresa Phelps,38,Male,UK,2025-12-24
C734,Kevin Burke,53,Female,USA,2024-11-05
C735,Joanne Miller,40,Female,Germany,2024-04-13
C736,Andrew Park,52,Female,UK,2024-07-08
C737,David Gill,47,Male,India,2025-12-17
C738,Robert Rojas,33,Male,Germany,2025-11-01
C739,Jessica Hernandez,22,Male,UK,2025-11-23
C740,Monica Powell,20,Male,Canada,2025-08-05
C741,Richard Myers,21,Female,India,2024-09-01
C742,Janet Ramirez,45,Female,India,2025-07-12
C743,Mr. Jacob Aguirre,43,Male,UK,2024-07-30
C744,Vincent Shaw,33,Male,India,2025-04-14
C745,Tyler Peterson,22,Female,Canada,2025-05-07
C746,Stephen Anderson,32,Female,India,2025-12-05
C747,Ronald Freeman,41,Female,USA,2025-10-19
C748,Craig Price,55,Male,UK,2024-05-05
C749,Andrew Dixon,57,Male,Canada,2025-11-18
C750,Daniel Morgan,42,Female,India,2025-03-03
C751,Melinda Collins,49,Female,UK,2025-11-07
C752,Stephanie Sanders,19,Male,UK,2025-05-22
C753,Mr. Jacob Sullivan,40,Male,India,2025-10-24
C754,Shawn Cooper,29,Male,Germany,2024-05-28
C755,Mark Miller,24,Female,India,2025-02-02
C756,Jenna Bruce,33,Male,Germany,2024-12-04
C757,Joseph Duncan,55,Male,UK,2024-10-07
C758,Timothy Diaz,29,Female,Canada,2024-07-13
C759,Shane Turner,22,Male,UK,2025-11-14
C760,Jennifer Garza,57,Female,Germany,2024-09-27
C761,Luis Jimenez,43,Male,India,2024-11-05
C762,Andrew Dawson,19,Male,Canada,2025-10-15
C763,Mary Fisher,56,Female,Canada,2024-04-21
C764,Patricia Wood,51,Female,USA,2025-09-27
C765,Alejandro Schmidt,42,Female,Germany,2024-07-24
C766,Jennifer Hawkins,43,Male,Germany,2025-08-22
C767,Joseph Cordova,58,Male,Canada,2024-04-07
C768,Jeremy White,52,Female,Germany,2024-05-24
C769,Michelle Garcia,47,Female,USA,2025-12-03
C770,Jessica Brown,55,Male,UK,2024-04-10
C771,Derrick Whitney,55,Male,Germany,2024-12-13
C772,Andrew Meadows,23,Female,UK,2025-04-01
C773,Marc Yates,29,Male,India,2025-12-26
C774,Jose King,51,Male,Germany,2025-11-30
C775,Nicholas Nguyen,37,Male,UK,2025-08-21
C776,Heather Hamilton,21,Male,Germany,2025-12-17
C777,Christopher Greer,30,Male,India,2025-12-15
C778,Jennifer Neal,40,Male,UK,2024-06-21
C779,Melissa Davis,58,Male,Canada,2024-05-18
C780,Brandon Michael,45,Female,USA,2025-01-16
C781,Meagan Patterson,47,Female,Canada,2024-06-29
C782,Cynthia Vazquez,30,Female,India,2025-10-27
C783,Sara Wood,37,Female,India,2024-03-30
C784,Phyllis Zimmerman,26,Male,Germany,2026-01-01
C785,Tyler Haynes,47,Male,India,2025-09-30
C786,Jose Oneill,39,Male,USA,2025-06-20
C787,Jo Kim,22,Female,UK,2026-02-27
C788,Michael Rice,55,Male,India,2025-12-11
C789,Courtney Stewart,41,Male,UK,2025-03-30
C790,Brittany Hamilton,20,Female,USA,2025-07-07
C791,John Ramirez,50,Female,India,2024-03-18
C792,Elizabeth Perez,26,Male,Germany,2024-12-17
C793,William Castillo,42,Male,India,2024-08-13
C794,Marie Webster,32,Female,Germany,2025-08-18
C795,Abigail Taylor,22,Female,Germany,2025-07-13
C796,Laurie Morgan,49,Male,Canada,2025-06-20
C797,Sandra Thomas,37,Female,Canada,2025-12-03
C798,Kendra Acevedo,47,Female,USA,2025-10-23
C799,Brian Hall,42,Male,UK,2025-06-29
C800,Nathan Henry,20,Female,USA,2024-03-20
C801,Marissa Landry,46,Female,India,2024-03-04
C802,Lynn West,52,Female,India,2024-03-10
C803,Larry Pearson,37,Male,Germany,2024-09-09
C804,Dominique Smith,53,Female,India,2026-01-01
C805,Amber Cooper,38,Female,UK,2024-05-14
C806,Chad Parks,41,Male,UK,2024-04-25
C807,Paige Allen,54,Male,Germany,2025-04-18
C808,John Schneider,51,Female,India,2024-08-16
C809,Jeremy Alvarado,47,Female,UK,2026-01-22
C810,Mr. Jason Robinson MD,23,Female,Canada,2024-08-25
C811,Elizabeth Jones,47,Male,USA,2024-11-23
C812,Cynthia Smith,45,Female,UK,2024-04-28
C813,Christopher Kelley,54,Female,Canada,2025-05-28
C814,Christopher Lowe,45,Male,Canada,2026-01-03
C815,Jennifer Rodriguez,38,Female,India,2024-10-05
C816,Sharon Winters,20,Male,India,2024-04-15
C817,Julian Rodriguez,27,Female,India,2025-03-13
C818,Leah Barker,30,Female,India,2025-07-31
C819,Brian Jones,46,Male,UK,2024-11-19
C820,Nathan Mcclain,38,Male,Germany,2025-09-04
C821,Nicole Ellis,60,Male,USA,2025-12-31
C822,Denise Brock,44,Male,Germany,2025-04-27
C823,William King,49,Female,India,2024-04-07
C824,Julia Jackson,35,Female,Canada,2025-06-16
C825,Margaret Wright,19,Male,UK,2025-12-07
C826,Lisa Adams,21,Male,USA,2024-09-27
C827,Dennis Gonzales MD,42,Male,India,2024-07-31
C828,Monica Ross,23,Female,Germany,2025-04-01
C829,James Long,57,Male,India,2025-08-13
C830,Mr. Tyler Rogers,38,Male,India,2025-10-30
C831,Mr. Gabriel Baldwin,56,Male,UK,2025-02-11
C832,Joseph Miles,40,Female,USA,2025-11-08
C833,Tonya Baker,24,Female,USA,2025-09-27
C834,Ellen Gonzales,57,Male,India,2024-04-20
C835,Zachary Dyer,31,Male,USA,2024-05-31
C836,Teresa James,55,Male,India,2025-05-26
C837,Craig Scott,55,Female,Canada,2024-03-07
C838,Janet Hurley,60,Male,USA,2026-02-02
C839,Heather Anderson,31,Male,Canada,2025-01-22
C840,Tyler Rivera,40,Male,Germany,2025-09-11
C841,Valerie Krueger,60,Male,UK,2024-08-13
C842,William Padilla,43,Male,India,2024-07-11
C843,Timothy Lopez,55,Male,Canada,2025-08-16
C844,Melissa May,44,Female,Canada,2025-11-12
C845,Michael Paul,36,Female,India,2025-11-27
C846,Elizabeth Ortiz,31,Female,Germany,2024-09-11
C847,Sarah Jenkins,48,Male,India,2024-11-21
C848,Amy Morrison,26,Male,USA,2025-04-22
C849,Mrs. Crystal Thompson,24,Male,Canada,2025-02-05
C850,Timothy Wade,28,Female,UK,2024-05-15
C851,Christina Brown,47,Female,Germany,2024-04-27
C852,Lisa Mack,18,Female,USA,2025-10-02
C853,Bradley Adams,33,Female,India,2025-04-20
C854,Richard Abbott,33,Female,India,2025-10-24
C855,Christine Ray,32,Female,Canada,2024-07-12
C856,Kevin Cunningham,25,Female,Canada,2025-10-29
C857,Rebecca Arnold,30,Female,Germany,2026-02-15
C858,Johnathan Morales,42,Male,USA,2024-04-08
C859,Frank Nguyen,59,Male,India,2024-04-29
C860,Bradley Macias,40,Female,India,2025-04-25
C861,Christian Mason,34,Female,USA,2024-05-03
C862,Kathleen Morse,39,Male,Germany,2024-06-14
C863,Lori Knapp,43,Male,USA,2025-04-05
C864,Laura Obrien,49,Female,UK,2024-11-25
C865,Sarah Gutierrez,46,Female,Canada,2025-02-20
C866,Lawrence Carson,37,Female,India,2024-12-05
C867,Jennifer Thomas,19,Female,Germany,2025-06-25
C868,Taylor Reed MD,24,Male,India,2025-03-15
C869,Theodore Vang,35,Female,UK,2026-01-01
C870,Craig Nelson,43,Female,India,2025-08-06
C871,Margaret Henry,20,Female,India,2025-09-12
C872,Janice Maldonado,28,Female,USA,2024-09-26
C873,Willie Williams,19,Female,UK,2025-03-10
C874,Micheal Brown,25,Female,USA,2024-09-29
C875,Sarah Robinson,23,Male,USA,2025-10-17
C876,Benjamin Smith,20,Female,India,2025-11-24
C877,Brandon Smith,53,Female,UK,2024-08-27
C878,Heather Moore,23,Female,Germany,2026-02-12
C879,Dana Ochoa,48,Male,Canada,2025-04-15
C880,Clinton Gates,40,Male,India,2026-02-27
C881,Emily White,26,Male,India,2024-05-15
C882,Robert Meadows,37,Male,UK,2025-01-15
C883,Danielle Anderson,35,Male,Germany,2025-05-12
C884,Shelby Davis,41,Male,India,2025-09-20
C885,Jacob Ramirez,60,Male,Germany,2025-10-01
C886,Danielle Hernandez,33,Female,Canada,2024-10-26
C887,Albert Porter,46,Male,Germany,2025-10-07
C888,Jessica Cooper,59,Male,Canada,2025-10-18
C889,Kenneth Smith,23,Female,USA,2026-01-03
C890,Patrick Cooley,45,Female,USA,2025-04-12
C891,Alexandra Hodge,29,Female,Canada,2024-10-11
C892,Lawrence Martinez,58,Female,India,2024-04-17
C893,Cory Miller,53,Female,UK,2024-05-26
C894,Maxwell Stuart,28,Male,USA,2024-12-17
C895,Hector Santiago,21,Male,India,2025-12-30
C896,Jo Rubio,45,Female,Germany,2025-04-01
C897,Denise Salazar MD,52,Male,Canada,2025-10-13
C898,Laura Carr,29,Male,Canada,2026-02-12
C899,Vickie Long,24,Female,India,2024-08-26
C900,Michele Bauer,47,Male,Canada,2025-07-29
C901,James Fuentes,48,Male,Canada,2026-02-22
C902,Paula Gross,28,Male,India,2024-04-26
C903,Thomas Gross,37,Male,USA,2025-09-01
C904,Vickie Prince,51,Male,UK,2024-04-12
C905,Shelby Turner,41,Female,Canada,2024-09-03
C906,Mrs. Laura Turner,33,Female,UK,2025-08-18
C907,Michael Harrison,56,Female,India,2024-06-04
C908,Gary Powell,47,Female,USA,2024-11-18
C909,Kathryn Rhodes,31,Female,India,2025-07-12
C910,Justin Lloyd,38,Male,India,2024-07-28
C911,Anthony Murphy,42,Male,India,2025-06-20
C912,Ryan Davila,32,Male,Germany,2025-08-09
C913,Brandi Thompson,31,Male,USA,2026-01-29
C914,Anthony Martinez,21,Male,Germany,2025-07-06
C915,Barry Douglas DVM,48,Male,India,2024-08-06
C916,Melissa Fitzpatrick,49,Female,Canada,2025-03-10
C917,Timothy Hernandez,46,Male,Canada,2025-08-24
C918,John Grant,20,Male,USA,2025-10-09
C919,Anna Brown,55,Male,USA,2024-03-20
C920,Jonathan Dean,53,Male,USA,2025-05-09
C921,Maureen Washington,43,Female,Germany,2025-10-05
C922,Joseph Williams,55,Female,USA,2025-01-13
C923,Dennis Cortez,52,Female,USA,2025-01-21
C924,Mary Roth,32,Female,Germany,2025-07-07
C925,Maria Fowler,30,Male,Canada,2025-03-02
C926,Duane Clark,60,Female,Germany,2026-03-02
C927,Kyle Herrera,41,Female,Germany,2024-05-23
C928,Stephen Peters,58,Male,UK,2025-02-22
C929,Roberta Barr,25,Female,USA,2024-04-02
C930,Robert Hudson,48,Male,UK,2025-05-08
C931,Rebecca Patel,29,Female,India,2024-08-09
C932,Ryan Wilson,45,Female,UK,2025-11-30
C933,Holly Beard,19,Female,Canada,2024-10-23
C934,Amanda Rivera,56,Male,Canada,2025-03-03
C935,Timothy Palmer,60,Female,Germany,2025-01-18
C936,Tony Carpenter,32,Male,India,2024-05-29
C937,Laura Sullivan,45,Male,India,2024-03-04
C938,Elizabeth Miller,41,Male,India,2025-02-27
C939,Theresa Cox,49,Female,UK,2024-05-29
C940,Laura Montgomery,44,Female,UK,2025-08-13
C941,Herbert Griffin,44,Female,India,2025-12-22
C942,Thomas Rangel,56,Female,UK,2024-07-25
C943,Krista Rich,21,Male,Canada,2024-06-27
C944,Jessica Vega,59,Female,India,2025-04-02
C945,Amanda Johnson,36,Female,UK,2024-05-03
C946,Amanda Hamilton,40,Female,Canada,2024-10-22
C947,Sarah Miller,26,Male,UK,2025-08-17
C948,Jeffrey Howard,28,Female,Canada,2025-05-21
C949,Jim Whitaker,32,Male,UK,2025-07-12
C950,Henry Garza,47,Male,Canada,2025-07-14
C951,Kathleen Miller,41,Male,Germany,2025-02-15
C952,Jeremy Herman,23,Female,Canada,2026-02-06
C953,Christine Mcmillan,24,Male,Germany,2025-06-27
C954,James Jackson,60,Female,UK,2025-02-02
C955,Joel Cook,35,Female,USA,2025-05-04
C956,Joshua Cook,54,Male,India,2025-09-29
C957,Jennifer Larson,39,Male,India,2024-08-03
C958,Marcus Shannon,35,Male,India,2025-04-27
C959,Charles Decker,27,Male,Canada,2024-09-05
C960,Jessica Acevedo,21,Male,UK,2025-04-06
C961,Alejandra Bennett,54,Male,Canada,2026-01-05
C962,David Garcia,22,Male,India,2024-12-08
C963,James David,57,Male,UK,2025-07-23
C964,Mr. Jeff Ochoa,55,Male,Canada,2025-03-14
C965,Jeffrey Owens,56,Male,Germany,2025-07-25
C966,Monica Conrad,35,Female,USA,2025-07-22
C967,Randall English,44,Male,India,2026-03-02
C968,Krystal Price,20,Female,UK,2025-08-22
C969,Rebecca Cabrera,40,Male,India,2025-01-21
C970,Elizabeth Ballard,44,Female,Germany,2025-10-09
C971,Heather Goodman,58,Male,Germany,2025-10-21
C972,Ashley Winters,22,Female,USA,2025-02-26
C973,Daniel Diaz,25,Female,India,2024-03-03
C974,Christopher Reynolds,33,Male,USA,2025-08-04
C975,Curtis Williams,60,Male,UK,2025-07-27
C976,Kathleen Neal,56,Male,Germany,2024-04-04
C977,Dr. Christopher Perez,48,Male,USA,2025-12-16
C978,Jade Ramirez,35,Male,Germany,2024-04-19
C979,Terry Wells,39,Male,Germany,2024-11-07
C980,Charlene Stephens,49,Male,Canada,2025-10-09
C981,Michael Valdez,56,Female,Germany,2025-07-02
C982,Daniel Underwood,30,Male,Canada,2024-06-17
C983,Jane Conley,20,Female,India,2026-03-01
C984,Chelsea Burton,52,Male,Canada,2024-07-28
C985,Miranda Andrews,51,Male,UK,2024-12-16
C986,Adam Alexander,50,Female,India,2024-06-13
C987,Brenda Price,31,Female,Canada,2024-06-23
C988,Donald Parsons,36,Female,UK,2024-07-30
C989,Heather Taylor,29,Female,USA,2024-04-22
C990,Sara Estrada,22,Female,Germany,2024-08-16
C991,Deborah Bryant,18,Female,Germany,2025-06-19
C992,Frank Taylor,39,Female,Germany,2025-01-29
C993,Danielle Castillo,57,Female,USA,2024-12-08
C994,Paul Reeves,33,Female,USA,2025-06-09
C995,Kayla Harrison,28,Female,India,2024-07-08
C996,Kaitlyn Hernandez,47,Male,Germany,2025-07-06
C997,Miguel Watts,24,Male,Germany,2025-05-19
C998,Judith Moody,19,Female,USA,2024-07-18
C999,Molly Summers,50,Male,Germany,2026-02-23
C1000,Dawn Aguilar,44,Female,Canada,2025-08-24
